table_name,tablespace_name,cluster_name,iot_name,status,pct_free,pct_used,ini_trans,max_trans,initial_extent,next_extent,min_extents,max_extents,pct_increase,freelists,freelist_groups,logging,backed_up,num_rows,blocks,empty_blocks,avg_space,chain_cnt,avg_row_len,avg_space_freelist_blocks,num_freelist_blocks,degree,instances,cache,table_lock,sample_size,last_analyzed,partitioned,iot_type,temporary,secondary,nested,buffer_pool,flash_cache,cell_flash_cache,row_movement,global_stats,user_stats,duration,skip_corrupt,monitoring,cluster_owner,dependencies,compression,compress_for,dropped,read_only,segment_created,result_cache,clustering,activity_tracking,dml_timestamp,has_identity,container_data,inmemory,inmemory_priority,inmemory_distribute,inmemory_compression,inmemory_duplicate
B_COMPLEX_STATS_ITEMS,USERS,,,VALID,10,,1,255,,,,,,,,YES,N,0,0,0,0,0,0,0,0,         1,         1,    N,ENABLED,0,2021-03-12T02:51:29,NO,,N,N,NO,DEFAULT,DEFAULT,DEFAULT,DISABLED,YES,NO,,DISABLED,YES,,DISABLED,DISABLED,,NO,NO,NO,DEFAULT,NO,,,NO,NO,DISABLED,,,,
B_COMPLEX_STATS_ITEM_ELEMENTS,USERS,,,VALID,10,,1,255,,,,,,,,YES,N,0,0,0,0,0,0,0,0,         1,         1,    N,ENABLED,0,2021-03-12T02:51:29,NO,,N,N,NO,DEFAULT,DEFAULT,DEFAULT,DISABLED,YES,NO,,DISABLED,YES,,DISABLED,DISABLED,,NO,NO,NO,DEFAULT,NO,,,NO,NO,DISABLED,,,,
B_DATA_FACTORIES,USERS,,,VALID,10,,1,255,,,,,,,,YES,N,0,0,0,0,0,0,0,0,         1,         1,    N,ENABLED,0,2021-03-12T02:51:29,NO,,N,N,NO,DEFAULT,DEFAULT,DEFAULT,DISABLED,YES,NO,,DISABLED,YES,,DISABLED,DISABLED,,NO,NO,NO,DEFAULT,NO,,,NO,NO,DISABLED,,,,
B_LOAD_TASKS,USERS,,,VALID,10,,1,255,,,,,,,,YES,N,0,0,0,0,0,0,0,0,         1,         1,    N,ENABLED,0,2021-03-12T02:51:29,NO,,N,N,NO,DEFAULT,DEFAULT,DEFAULT,DISABLED,YES,NO,,DISABLED,YES,,DISABLED,DISABLED,,NO,NO,NO,DEFAULT,NO,,,NO,NO,DISABLED,,,,
B_REPORT_RECON,USERS,,,VALID,10,,1,255,,,,,,,,YES,N,0,0,0,0,0,0,0,0,         1,         1,    N,ENABLED,0,2021-03-12T02:51:29,NO,,N,N,NO,DEFAULT,DEFAULT,DEFAULT,DISABLED,YES,NO,,DISABLED,YES,,DISABLED,DISABLED,,NO,NO,NO,DEFAULT,NO,,,NO,NO,DISABLED,,,,
B_REPORT_RECON_DETAILS,USERS,,,VALID,10,,1,255,,,,,,,,YES,N,0,0,0,0,0,0,0,0,         1,         1,    N,ENABLED,0,2021-03-12T02:51:29,NO,,N,N,NO,DEFAULT,DEFAULT,DEFAULT,DISABLED,YES,NO,,DISABLED,YES,,DISABLED,DISABLED,,NO,NO,NO,DEFAULT,NO,,,NO,NO,DISABLED,,,,
B_SCENARIOS,USERS,,,VALID,10,,1,255,,,,,,,,YES,N,0,0,0,0,0,0,0,0,         1,         1,    N,ENABLED,0,2021-03-12T02:51:29,NO,,N,N,NO,DEFAULT,DEFAULT,DEFAULT,DISABLED,YES,NO,,DISABLED,YES,,DISABLED,DISABLED,,NO,NO,NO,DEFAULT,NO,,,NO,NO,DISABLED,,,,
B_SCENARIO_LOADS,USERS,,,VALID,10,,1,255,,,,,,,,YES,N,0,0,0,0,0,0,0,0,         1,         1,    N,ENABLED,0,2021-03-12T02:51:29,NO,,N,N,NO,DEFAULT,DEFAULT,DEFAULT,DISABLED,YES,NO,,DISABLED,YES,,DISABLED,DISABLED,,NO,NO,NO,DEFAULT,NO,,,NO,NO,DISABLED,,,,
B_SIMPLE_STATS_ITEMS,USERS,,,VALID,10,,1,255,,,,,,,,YES,N,0,0,0,0,0,0,0,0,         1,         1,    N,ENABLED,0,2021-03-12T02:51:29,NO,,N,N,NO,DEFAULT,DEFAULT,DEFAULT,DISABLED,YES,NO,,DISABLED,YES,,DISABLED,DISABLED,,NO,NO,NO,DEFAULT,NO,,,NO,NO,DISABLED,,,,
B_TASK_PARAMETERS,USERS,,,VALID,10,,1,255,,,,,,,,YES,N,0,0,0,0,0,0,0,0,         1,         1,    N,ENABLED,0,2021-03-12T02:51:29,NO,,N,N,NO,DEFAULT,DEFAULT,DEFAULT,DISABLED,YES,NO,,DISABLED,YES,,DISABLED,DISABLED,,NO,NO,NO,DEFAULT,NO,,,NO,NO,DISABLED,,,,
M_ALERTS_DEFTNS,USERS,,,VALID,10,,1,255,,,,,,,,YES,N,0,0,0,0,0,0,0,0,         1,         1,    N,ENABLED,0,2021-03-12T02:51:29,NO,,N,N,NO,DEFAULT,DEFAULT,DEFAULT,DISABLED,YES,NO,,DISABLED,YES,,DISABLED,DISABLED,,NO,NO,NO,DEFAULT,NO,,,NO,NO,DISABLED,,,,
M_APPLICATION_DEFTNS,USERS,,,VALID,10,,1,255,,,,,,,,YES,N,0,0,0,0,0,0,0,0,         1,         1,    N,ENABLED,0,2021-03-12T02:51:29,NO,,N,N,NO,DEFAULT,DEFAULT,DEFAULT,DISABLED,YES,NO,,DISABLED,YES,,DISABLED,DISABLED,,NO,NO,NO,DEFAULT,NO,,,NO,NO,DISABLED,,,,
M_APPLICATION_SERVICES_ADPTRS,USERS,,,VALID,10,,1,255,,,,,,,,YES,N,0,0,0,0,0,0,0,0,         1,         1,    N,ENABLED,0,2021-03-12T02:51:29,NO,,N,N,NO,DEFAULT,DEFAULT,DEFAULT,DISABLED,YES,NO,,DISABLED,YES,,DISABLED,DISABLED,,NO,NO,NO,DEFAULT,NO,,,NO,NO,DISABLED,,,,
M_APPLICATION_SERVICES_DEFTNS,USERS,,,VALID,10,,1,255,,,,,,,,YES,N,0,0,0,0,0,0,0,0,         1,         1,    N,ENABLED,0,2021-03-12T02:51:29,NO,,N,N,NO,DEFAULT,DEFAULT,DEFAULT,DISABLED,YES,NO,,DISABLED,YES,,DISABLED,DISABLED,,NO,NO,NO,DEFAULT,NO,,,NO,NO,DISABLED,,,,
M_CCO_MNGR_DEFTNS,USERS,,,VALID,10,,1,255,,,,,,,,YES,N,0,0,0,0,0,0,0,0,         1,         1,    N,ENABLED,0,2021-03-12T02:51:29,NO,,N,N,NO,DEFAULT,DEFAULT,DEFAULT,DISABLED,YES,NO,,DISABLED,YES,,DISABLED,DISABLED,,NO,NO,NO,DEFAULT,NO,,,NO,NO,DISABLED,,,,
M_CDS_MSTR,USERS,,,VALID,10,,1,255,,,,,,,,YES,N,0,0,0,0,0,0,0,0,         1,         1,    N,ENABLED,0,2021-03-12T02:51:29,NO,,N,N,NO,DEFAULT,DEFAULT,DEFAULT,DISABLED,YES,NO,,DISABLED,YES,,DISABLED,DISABLED,,NO,NO,NO,DEFAULT,NO,,,NO,NO,DISABLED,,,,
M_CMPLTNS_DEFTNS,USERS,,,VALID,10,,1,255,,,,,,,,YES,N,0,0,0,0,0,0,0,0,         1,         1,    N,ENABLED,0,2021-03-12T02:51:29,NO,,N,N,NO,DEFAULT,DEFAULT,DEFAULT,DISABLED,YES,NO,,DISABLED,YES,,DISABLED,DISABLED,,NO,NO,NO,DEFAULT,NO,,,NO,NO,DISABLED,,,,
M_CMPLTNS_PARAMS,USERS,,,VALID,10,,1,255,,,,,,,,YES,N,0,0,0,0,0,0,0,0,         1,         1,    N,ENABLED,0,2021-03-12T02:51:29,NO,,N,N,NO,DEFAULT,DEFAULT,DEFAULT,DISABLED,YES,NO,,DISABLED,YES,,DISABLED,DISABLED,,NO,NO,NO,DEFAULT,NO,,,NO,NO,DISABLED,,,,
M_CONSUMER_DAP_MPPNGS,USERS,,,VALID,10,,1,255,,,,,,,,YES,N,0,0,0,0,0,0,0,0,         1,         1,    N,ENABLED,0,2021-03-12T02:51:29,NO,,N,N,NO,DEFAULT,DEFAULT,DEFAULT,DISABLED,YES,NO,,DISABLED,YES,,DISABLED,DISABLED,,NO,NO,NO,DEFAULT,NO,,,NO,NO,DISABLED,,,,
M_CONSUMER_DEFTNS,USERS,,,VALID,10,,1,255,,,,,,,,YES,N,0,0,0,0,0,0,0,0,         1,         1,    N,ENABLED,0,2021-03-12T02:51:29,NO,,N,N,NO,DEFAULT,DEFAULT,DEFAULT,DISABLED,YES,NO,,DISABLED,YES,,DISABLED,DISABLED,,NO,NO,NO,DEFAULT,NO,,,NO,NO,DISABLED,,,,
M_CONSUMER_GATEWAY_DEFTNS,USERS,,,VALID,10,,1,255,,,,,,,,YES,N,0,0,0,0,0,0,0,0,         1,         1,    N,ENABLED,0,2021-03-12T02:51:29,NO,,N,N,NO,DEFAULT,DEFAULT,DEFAULT,DISABLED,YES,NO,,DISABLED,YES,,DISABLED,DISABLED,,NO,NO,NO,DEFAULT,NO,,,NO,NO,DISABLED,,,,
M_CONSUMER_USER_MAP_DEFTNS,USERS,,,VALID,10,,1,255,,,,,,,,YES,N,0,0,0,0,0,0,0,0,         1,         1,    N,ENABLED,0,2021-03-12T02:51:29,NO,,N,N,NO,DEFAULT,DEFAULT,DEFAULT,DISABLED,YES,NO,,DISABLED,YES,,DISABLED,DISABLED,,NO,NO,NO,DEFAULT,NO,,,NO,NO,DISABLED,,,,
M_DATA_MGRTN_LOGS,USERS,,,VALID,10,,1,255,,,,,,,,YES,N,0,0,0,0,0,0,0,0,         1,         1,    N,ENABLED,0,2021-03-12T02:51:29,NO,,N,N,NO,DEFAULT,DEFAULT,DEFAULT,DISABLED,YES,NO,,DISABLED,YES,,DISABLED,DISABLED,,NO,NO,NO,DEFAULT,NO,,,NO,NO,DISABLED,,,,
M_DATA_SOURCE_DEFTNS,USERS,,,VALID,10,,1,255,,,,,,,,YES,N,0,0,0,0,0,0,0,0,         1,         1,    N,ENABLED,0,2021-03-12T02:51:29,NO,,N,N,NO,DEFAULT,DEFAULT,DEFAULT,DISABLED,YES,NO,,DISABLED,YES,,DISABLED,DISABLED,,NO,NO,NO,DEFAULT,NO,,,NO,NO,DISABLED,,,,
M_DISPATCHER_ADPTRS,USERS,,,VALID,10,,1,255,,,,,,,,YES,N,0,0,0,0,0,0,0,0,         1,         1,    N,ENABLED,0,2021-03-12T02:51:29,NO,,N,N,NO,DEFAULT,DEFAULT,DEFAULT,DISABLED,YES,NO,,DISABLED,YES,,DISABLED,DISABLED,,NO,NO,NO,DEFAULT,NO,,,NO,NO,DISABLED,,,,
M_DISPATCHER_DEFTNS,USERS,,,VALID,10,,1,255,,,,,,,,YES,N,0,0,0,0,0,0,0,0,         1,         1,    N,ENABLED,0,2021-03-12T02:51:29,NO,,N,N,NO,DEFAULT,DEFAULT,DEFAULT,DISABLED,YES,NO,,DISABLED,YES,,DISABLED,DISABLED,,NO,NO,NO,DEFAULT,NO,,,NO,NO,DISABLED,,,,
M_DISPATCHER_PARAMS,USERS,,,VALID,10,,1,255,,,,,,,,YES,N,0,0,0,0,0,0,0,0,         1,         1,    N,ENABLED,0,2021-03-12T02:51:30,NO,,N,N,NO,DEFAULT,DEFAULT,DEFAULT,DISABLED,YES,NO,,DISABLED,YES,,DISABLED,DISABLED,,NO,NO,NO,DEFAULT,NO,,,NO,NO,DISABLED,,,,
M_DQ_POLICY_DEFTNS,USERS,,,VALID,10,,1,255,,,,,,,,YES,N,0,0,0,0,0,0,0,0,         1,         1,    N,ENABLED,0,2021-03-12T02:51:30,NO,,N,N,NO,DEFAULT,DEFAULT,DEFAULT,DISABLED,YES,NO,,DISABLED,YES,,DISABLED,DISABLED,,NO,NO,NO,DEFAULT,NO,,,NO,NO,DISABLED,,,,
M_DQ_RULES,USERS,,,VALID,10,,1,255,,,,,,,,YES,N,0,0,0,0,0,0,0,0,         1,         1,    N,ENABLED,0,2021-03-12T02:51:30,NO,,N,N,NO,DEFAULT,DEFAULT,DEFAULT,DISABLED,YES,NO,,DISABLED,YES,,DISABLED,DISABLED,,NO,NO,NO,DEFAULT,NO,,,NO,NO,DISABLED,,,,
M_DQ_RULES_PARAMS,USERS,,,VALID,10,,1,255,,,,,,,,YES,N,0,0,0,0,0,0,0,0,         1,         1,    N,ENABLED,0,2021-03-12T02:51:30,NO,,N,N,NO,DEFAULT,DEFAULT,DEFAULT,DISABLED,YES,NO,,DISABLED,YES,,DISABLED,DISABLED,,NO,NO,NO,DEFAULT,NO,,,NO,NO,DISABLED,,,,
M_DS_CONNECTION_DTLS,USERS,,,VALID,10,,1,255,,,,,,,,YES,N,0,0,0,0,0,0,0,0,         1,         1,    N,ENABLED,0,2021-03-12T02:51:30,NO,,N,N,NO,DEFAULT,DEFAULT,DEFAULT,DISABLED,YES,NO,,DISABLED,YES,,DISABLED,DISABLED,,NO,NO,NO,DEFAULT,NO,,,NO,NO,DISABLED,,,,
M_DS_DEFTNS,USERS,,,VALID,10,,1,255,,,,,,,,YES,N,0,0,0,0,0,0,0,0,         1,         1,    N,ENABLED,0,2021-03-12T02:51:30,NO,,N,N,NO,DEFAULT,DEFAULT,DEFAULT,DISABLED,YES,NO,,DISABLED,YES,,DISABLED,DISABLED,,NO,NO,NO,DEFAULT,NO,,,NO,NO,DISABLED,,,,
M_DS_EXTNDED_DEFTNS,USERS,,,VALID,10,,1,255,,,,,,,,YES,N,0,0,0,0,0,0,0,0,         1,         1,    N,ENABLED,0,2021-03-12T02:51:30,NO,,N,N,NO,DEFAULT,DEFAULT,DEFAULT,DISABLED,YES,NO,,DISABLED,YES,,DISABLED,DISABLED,,NO,NO,NO,DEFAULT,NO,,,NO,NO,DISABLED,,,,
M_DS_FD_ADPTRS,USERS,,,VALID,10,,1,255,,,,,,,,YES,N,0,0,0,0,0,0,0,0,         1,         1,    N,ENABLED,0,2021-03-12T02:51:30,NO,,N,N,NO,DEFAULT,DEFAULT,DEFAULT,DISABLED,YES,NO,,DISABLED,YES,,DISABLED,DISABLED,,NO,NO,NO,DEFAULT,NO,,,NO,NO,DISABLED,,,,
M_DS_FD_ATTRBT_DEFTNS,USERS,,,VALID,10,,1,255,,,,,,,,YES,N,0,0,0,0,0,0,0,0,         1,         1,    N,ENABLED,0,2021-03-12T02:51:30,NO,,N,N,NO,DEFAULT,DEFAULT,DEFAULT,DISABLED,YES,NO,,DISABLED,YES,,DISABLED,DISABLED,,NO,NO,NO,DEFAULT,NO,,,NO,NO,DISABLED,,,,
M_DS_FD_DEFTNS,USERS,,,VALID,10,,1,255,,,,,,,,YES,N,0,0,0,0,0,0,0,0,         1,         1,    N,ENABLED,0,2021-03-12T02:51:30,NO,,N,N,NO,DEFAULT,DEFAULT,DEFAULT,DISABLED,YES,NO,,DISABLED,YES,,DISABLED,DISABLED,,NO,NO,NO,DEFAULT,NO,,,NO,NO,DISABLED,,,,
M_DS_SCHD_DTLS,USERS,,,VALID,10,,1,255,,,,,,,,YES,N,0,0,0,0,0,0,0,0,         1,         1,    N,ENABLED,0,2021-03-12T02:51:30,NO,,N,N,NO,DEFAULT,DEFAULT,DEFAULT,DISABLED,YES,NO,,DISABLED,YES,,DISABLED,DISABLED,,NO,NO,NO,DEFAULT,NO,,,NO,NO,DISABLED,,,,
M_DS_TSK_DEFTNS,USERS,,,VALID,10,,1,255,,,,,,,,YES,N,0,0,0,0,0,0,0,0,         1,         1,    N,ENABLED,0,2021-03-12T02:51:30,NO,,N,N,NO,DEFAULT,DEFAULT,DEFAULT,DISABLED,YES,NO,,DISABLED,YES,,DISABLED,DISABLED,,NO,NO,NO,DEFAULT,NO,,,NO,NO,DISABLED,,,,
M_EXCPTNS_DEFTNS,USERS,,,VALID,10,,1,255,,,,,,,,YES,N,0,0,0,0,0,0,0,0,         1,         1,    N,ENABLED,0,2021-03-12T02:51:30,NO,,N,N,NO,DEFAULT,DEFAULT,DEFAULT,DISABLED,YES,NO,,DISABLED,YES,,DISABLED,DISABLED,,NO,NO,NO,DEFAULT,NO,,,NO,NO,DISABLED,,,,
M_EXTRACT_ADPTRS,USERS,,,VALID,10,,1,255,,,,,,,,YES,N,0,0,0,0,0,0,0,0,         1,         1,    N,ENABLED,0,2021-03-12T02:51:30,NO,,N,N,NO,DEFAULT,DEFAULT,DEFAULT,DISABLED,YES,NO,,DISABLED,YES,,DISABLED,DISABLED,,NO,NO,NO,DEFAULT,NO,,,NO,NO,DISABLED,,,,
M_EXTRACT_ATTRBT_DEFTNS,USERS,,,VALID,10,,1,255,,,,,,,,YES,N,0,0,0,0,0,0,0,0,         1,         1,    N,ENABLED,0,2021-03-12T02:51:30,NO,,N,N,NO,DEFAULT,DEFAULT,DEFAULT,DISABLED,YES,NO,,DISABLED,YES,,DISABLED,DISABLED,,NO,NO,NO,DEFAULT,NO,,,NO,NO,DISABLED,,,,
M_EXTRACT_DEFTNS,USERS,,,VALID,10,,1,255,,,,,,,,YES,N,0,0,0,0,0,0,0,0,         1,         1,    N,ENABLED,0,2021-03-12T02:51:30,NO,,N,N,NO,DEFAULT,DEFAULT,DEFAULT,DISABLED,YES,NO,,DISABLED,YES,,DISABLED,DISABLED,,NO,NO,NO,DEFAULT,NO,,,NO,NO,DISABLED,,,,
M_EXTRACT_LD_LGS_GRAIN,USERS,,,VALID,10,,1,255,,,,,,,,YES,N,0,0,0,0,0,0,0,0,         1,         1,    N,ENABLED,0,2021-03-12T02:51:30,NO,,N,N,NO,DEFAULT,DEFAULT,DEFAULT,DISABLED,YES,NO,,DISABLED,YES,,DISABLED,DISABLED,,NO,NO,NO,DEFAULT,NO,,,NO,NO,DISABLED,,,,
M_USR_ENTTLMNTS,USERS,,,VALID,10,,1,255,,,,,,,,YES,N,0,0,0,0,0,0,0,0,         1,         1,    N,ENABLED,0,2021-03-12T02:51:31,NO,,N,N,NO,DEFAULT,DEFAULT,DEFAULT,DISABLED,YES,NO,,DISABLED,YES,,DISABLED,DISABLED,,NO,NO,NO,DEFAULT,NO,,,NO,NO,DISABLED,,,,
M_USR_GRPS,USERS,,,VALID,10,,1,255,,,,,,,,YES,N,0,0,0,0,0,0,0,0,         1,         1,    N,ENABLED,0,2021-03-12T02:51:32,NO,,N,N,NO,DEFAULT,DEFAULT,DEFAULT,DISABLED,YES,NO,,DISABLED,YES,,DISABLED,DISABLED,,NO,NO,NO,DEFAULT,NO,,,NO,NO,DISABLED,,,,
M_USR_GRPS_ASSCTN,USERS,,,VALID,10,,1,255,,,,,,,,YES,N,0,0,0,0,0,0,0,0,         1,         1,    N,ENABLED,0,2021-03-12T02:51:32,NO,,N,N,NO,DEFAULT,DEFAULT,DEFAULT,DISABLED,YES,NO,,DISABLED,YES,,DISABLED,DISABLED,,NO,NO,NO,DEFAULT,NO,,,NO,NO,DISABLED,,,,
M_USR_REGTNS,USERS,,,VALID,10,,1,255,,,,,,,,YES,N,0,0,0,0,0,0,0,0,         1,         1,    N,ENABLED,0,2021-03-12T02:51:32,NO,,N,N,NO,DEFAULT,DEFAULT,DEFAULT,DISABLED,YES,NO,,DISABLED,YES,,DISABLED,DISABLED,,NO,NO,NO,DEFAULT,NO,,,NO,NO,DISABLED,,,,
M_USR_RLS,USERS,,,VALID,10,,1,255,,,,,,,,YES,N,0,0,0,0,0,0,0,0,         1,         1,    N,ENABLED,0,2021-03-12T02:51:32,NO,,N,N,NO,DEFAULT,DEFAULT,DEFAULT,DISABLED,YES,NO,,DISABLED,YES,,DISABLED,DISABLED,,NO,NO,NO,DEFAULT,NO,,,NO,NO,DISABLED,,,,
S_ACTION_DEFINITION,USERS,,,VALID,10,,1,255,,,,,,,,YES,N,0,0,0,0,0,0,0,0,         1,         1,    N,ENABLED,0,2021-03-12T02:51:32,NO,,N,N,NO,DEFAULT,DEFAULT,DEFAULT,DISABLED,YES,NO,,DISABLED,YES,,DISABLED,DISABLED,,NO,NO,NO,DEFAULT,NO,,,NO,NO,DISABLED,,,,
S_COUNTRY_SNAPSHOT,USERS,,,VALID,10,,1,255,,,,,,,,YES,N,0,0,0,0,0,0,0,0,         1,         1,    N,ENABLED,0,2021-03-12T02:51:32,NO,,N,N,NO,DEFAULT,DEFAULT,DEFAULT,DISABLED,YES,NO,,DISABLED,YES,,DISABLED,DISABLED,,NO,NO,NO,DEFAULT,NO,,,NO,NO,DISABLED,,,,
S_GRANTED_AUTHORITY,USERS,,,VALID,10,,1,255,,,,,,,,YES,N,0,0,0,0,0,0,0,0,         1,         1,    N,ENABLED,0,2021-03-12T02:51:32,NO,,N,N,NO,DEFAULT,DEFAULT,DEFAULT,DISABLED,YES,NO,,DISABLED,YES,,DISABLED,DISABLED,,NO,NO,NO,DEFAULT,NO,,,NO,NO,DISABLED,,,,
S_HIVE_RESULT_SNAPSHOT,USERS,,,VALID,10,,1,255,,,,,,,,YES,N,0,0,0,0,0,0,0,0,         1,         1,    N,ENABLED,0,2021-03-12T02:51:32,NO,,N,N,NO,DEFAULT,DEFAULT,DEFAULT,DISABLED,YES,NO,,DISABLED,YES,,DISABLED,DISABLED,,NO,NO,NO,DEFAULT,NO,,,NO,NO,DISABLED,,,,
S_HIVE_TABLES_MIGR_MAP,USERS,,,VALID,10,,1,255,,,,,,,,YES,N,0,0,0,0,0,0,0,0,         1,         1,    N,ENABLED,0,2021-03-12T02:51:32,NO,,N,N,NO,DEFAULT,DEFAULT,DEFAULT,DISABLED,YES,NO,,DISABLED,YES,,DISABLED,DISABLED,,NO,NO,NO,DEFAULT,NO,,,NO,NO,DISABLED,,,,
S_LOAD_TASK,USERS,,,VALID,10,,1,255,,,,,,,,YES,N,0,0,0,0,0,0,0,0,         1,         1,    N,ENABLED,0,2021-03-12T02:51:32,NO,,N,N,NO,DEFAULT,DEFAULT,DEFAULT,DISABLED,YES,NO,,DISABLED,YES,,DISABLED,DISABLED,,NO,NO,NO,DEFAULT,NO,,,NO,NO,DISABLED,,,,
S_RIV210_TO_RIV220_RPTS_MAP,USERS,,,VALID,10,,1,255,,,,,,,,YES,N,0,0,0,0,0,0,0,0,         1,         1,    N,ENABLED,0,2021-03-12T02:51:32,NO,,N,N,NO,DEFAULT,DEFAULT,DEFAULT,DISABLED,YES,NO,,DISABLED,YES,,DISABLED,DISABLED,,NO,NO,NO,DEFAULT,NO,,,NO,NO,DISABLED,,,,
S_RUN,USERS,,,VALID,10,,1,255,,,,,,,,YES,N,0,0,0,0,0,0,0,0,         1,         1,    N,ENABLED,0,2021-03-12T02:51:32,NO,,N,N,NO,DEFAULT,DEFAULT,DEFAULT,DISABLED,YES,NO,,DISABLED,YES,,DISABLED,DISABLED,,NO,NO,NO,DEFAULT,NO,,,NO,NO,DISABLED,,,,
S_RUN_SNAPSHOT,USERS,,,VALID,10,,1,255,,,,,,,,YES,N,0,0,0,0,0,0,0,0,         1,         1,    N,ENABLED,0,2021-03-12T02:51:32,NO,,N,N,NO,DEFAULT,DEFAULT,DEFAULT,DISABLED,YES,NO,,DISABLED,YES,,DISABLED,DISABLED,,NO,NO,NO,DEFAULT,NO,,,NO,NO,DISABLED,,,,
S_SCENARIO_MASTER,USERS,,,VALID,10,,1,255,,,,,,,,YES,N,0,0,0,0,0,0,0,0,         1,         1,    N,ENABLED,0,2021-03-12T02:51:32,NO,,N,N,NO,DEFAULT,DEFAULT,DEFAULT,DISABLED,YES,NO,,DISABLED,YES,,DISABLED,DISABLED,,NO,NO,NO,DEFAULT,NO,,,NO,NO,DISABLED,,,,
S_SNAPSHOT,USERS,,,VALID,10,,1,255,,,,,,,,YES,N,0,0,0,0,0,0,0,0,         1,         1,    N,ENABLED,0,2021-03-12T02:51:32,NO,,N,N,NO,DEFAULT,DEFAULT,DEFAULT,DISABLED,YES,NO,,DISABLED,YES,,DISABLED,DISABLED,,NO,NO,NO,DEFAULT,NO,,,NO,NO,DISABLED,,,,
S_STARC_DL_MSGS,USERS,,,VALID,10,,1,255,,,,,,,,YES,N,0,0,0,0,0,0,0,0,         1,         1,    N,ENABLED,0,2021-03-12T02:51:32,NO,,N,N,NO,DEFAULT,DEFAULT,DEFAULT,DISABLED,YES,NO,,DISABLED,YES,,DISABLED,DISABLED,,NO,NO,NO,DEFAULT,NO,,,NO,NO,DISABLED,,,,
S_STARC_EXTRACT_PARAMS_CONF,USERS,,,VALID,10,,1,255,,,,,,,,YES,N,0,0,0,0,0,0,0,0,         1,         1,    N,ENABLED,0,2021-03-12T02:51:32,NO,,N,N,NO,DEFAULT,DEFAULT,DEFAULT,DISABLED,YES,NO,,DISABLED,YES,,DISABLED,DISABLED,,NO,NO,NO,DEFAULT,NO,,,NO,NO,DISABLED,,,,
S_VALIDATION_ERROR,USERS,,,VALID,10,,1,255,,,,,,,,YES,N,0,0,0,0,0,0,0,0,         1,         1,    N,ENABLED,0,2021-03-12T02:51:32,NO,,N,N,NO,DEFAULT,DEFAULT,DEFAULT,DISABLED,YES,NO,,DISABLED,YES,,DISABLED,DISABLED,,NO,NO,NO,DEFAULT,NO,,,NO,NO,DISABLED,,,,
T_ACTION_DEFINITION,USERS,,,VALID,10,,1,255,,,,,,,,YES,N,0,0,0,0,0,0,0,0,         1,         1,    N,ENABLED,0,2021-03-12T02:51:32,NO,,N,N,NO,DEFAULT,DEFAULT,DEFAULT,DISABLED,YES,NO,,DISABLED,YES,,DISABLED,DISABLED,,NO,NO,NO,DEFAULT,NO,,,NO,NO,DISABLED,,,,
T_COUNTRY_SNAPSHOT,USERS,,,VALID,10,,1,255,,,,,,,,YES,N,0,0,0,0,0,0,0,0,         1,         1,    N,ENABLED,0,2021-03-12T02:51:32,NO,,N,N,NO,DEFAULT,DEFAULT,DEFAULT,DISABLED,YES,NO,,DISABLED,YES,,DISABLED,DISABLED,,NO,NO,NO,DEFAULT,NO,,,NO,NO,DISABLED,,,,
T_EPC_USER,USERS,,,VALID,10,,1,255,,,,,,,,YES,N,0,0,0,0,0,0,0,0,         1,         1,    N,ENABLED,0,2021-03-12T02:51:32,NO,,N,N,NO,DEFAULT,DEFAULT,DEFAULT,DISABLED,YES,NO,,DISABLED,YES,,DISABLED,DISABLED,,NO,NO,NO,DEFAULT,NO,,,NO,NO,DISABLED,,,,
T_GRANTED_AUTHORITY,USERS,,,VALID,10,,1,255,,,,,,,,YES,N,0,0,0,0,0,0,0,0,         1,         1,    N,ENABLED,0,2021-03-12T02:51:32,NO,,N,N,NO,DEFAULT,DEFAULT,DEFAULT,DISABLED,YES,NO,,DISABLED,YES,,DISABLED,DISABLED,,NO,NO,NO,DEFAULT,NO,,,NO,NO,DISABLED,,,,
T_HIVE_RESULT_SNAPSHOT,USERS,,,VALID,10,,1,255,,,,,,,,YES,N,0,0,0,0,0,0,0,0,         1,         1,    N,ENABLED,0,2021-03-12T02:51:32,NO,,N,N,NO,DEFAULT,DEFAULT,DEFAULT,DISABLED,YES,NO,,DISABLED,YES,,DISABLED,DISABLED,,NO,NO,NO,DEFAULT,NO,,,NO,NO,DISABLED,,,,
T_HSKPNG_PARTITION_DTLS,USERS,,,VALID,10,,1,255,,,,,,,,YES,N,0,0,0,0,0,0,0,0,         1,         1,    N,ENABLED,0,2021-03-12T02:51:32,NO,,N,N,NO,DEFAULT,DEFAULT,DEFAULT,DISABLED,YES,NO,,DISABLED,YES,,DISABLED,DISABLED,,NO,NO,NO,DEFAULT,NO,,,NO,NO,DISABLED,,,,
T_LOAD_TASK,USERS,,,VALID,10,,1,255,,,,,,,,YES,N,0,0,0,0,0,0,0,0,         1,         1,    N,ENABLED,0,2021-03-12T02:51:32,NO,,N,N,NO,DEFAULT,DEFAULT,DEFAULT,DISABLED,YES,NO,,DISABLED,YES,,DISABLED,DISABLED,,NO,NO,NO,DEFAULT,NO,,,NO,NO,DISABLED,,,,
T_PST_HIVE_QUERY_REPORT,USERS,,,VALID,10,,1,255,,,,,,,,YES,N,0,0,0,0,0,0,0,0,         1,         1,    N,ENABLED,0,2021-03-12T02:51:32,NO,,N,N,NO,DEFAULT,DEFAULT,DEFAULT,DISABLED,YES,NO,,DISABLED,YES,,DISABLED,DISABLED,,NO,NO,NO,DEFAULT,NO,,,NO,NO,DISABLED,,,,
T_RUN,USERS,,,VALID,10,,1,255,,,,,,,,YES,N,0,0,0,0,0,0,0,0,         1,         1,    N,ENABLED,0,2021-03-12T02:51:32,NO,,N,N,NO,DEFAULT,DEFAULT,DEFAULT,DISABLED,YES,NO,,DISABLED,YES,,DISABLED,DISABLED,,NO,NO,NO,DEFAULT,NO,,,NO,NO,DISABLED,,,,
T_RUN_SNAPSHOT,USERS,,,VALID,10,,1,255,,,,,,,,YES,N,0,0,0,0,0,0,0,0,         1,         1,    N,ENABLED,0,2021-03-12T02:51:32,NO,,N,N,NO,DEFAULT,DEFAULT,DEFAULT,DISABLED,YES,NO,,DISABLED,YES,,DISABLED,DISABLED,,NO,NO,NO,DEFAULT,NO,,,NO,NO,DISABLED,,,,
T_SCENARIO_MASTER,USERS,,,VALID,10,,1,255,,,,,,,,YES,N,0,0,0,0,0,0,0,0,         1,         1,    N,ENABLED,0,2021-03-12T02:51:32,NO,,N,N,NO,DEFAULT,DEFAULT,DEFAULT,DISABLED,YES,NO,,DISABLED,YES,,DISABLED,DISABLED,,NO,NO,NO,DEFAULT,NO,,,NO,NO,DISABLED,,,,
T_SNAPSHOT,USERS,,,VALID,10,,1,255,,,,,,,,YES,N,0,0,0,0,0,0,0,0,         1,         1,    N,ENABLED,0,2021-03-12T02:51:32,NO,,N,N,NO,DEFAULT,DEFAULT,DEFAULT,DISABLED,YES,NO,,DISABLED,YES,,DISABLED,DISABLED,,NO,NO,NO,DEFAULT,NO,,,NO,NO,DISABLED,,,,
T_STARC_EXTRACT_PARAMS_CONF,USERS,,,VALID,10,,1,255,,,,,,,,YES,N,0,0,0,0,0,0,0,0,         1,         1,    N,ENABLED,0,2021-03-12T02:51:32,NO,,N,N,NO,DEFAULT,DEFAULT,DEFAULT,DISABLED,YES,NO,,DISABLED,YES,,DISABLED,DISABLED,,NO,NO,NO,DEFAULT,NO,,,NO,NO,DISABLED,,,,
T_USER_GROUP,USERS,,,VALID,10,,1,255,,,,,,,,YES,N,0,0,0,0,0,0,0,0,         1,         1,    N,ENABLED,0,2021-03-12T02:51:32,NO,,N,N,NO,DEFAULT,DEFAULT,DEFAULT,DISABLED,YES,NO,,DISABLED,YES,,DISABLED,DISABLED,,NO,NO,NO,DEFAULT,NO,,,NO,NO,DISABLED,,,,
M_EXTRACT_PARAMS,USERS,,,VALID,10,,1,255,,,,,,,,YES,N,0,0,0,0,0,0,0,0,         1,         1,    N,ENABLED,0,2021-03-12T02:51:30,NO,,N,N,NO,DEFAULT,DEFAULT,DEFAULT,DISABLED,YES,NO,,DISABLED,YES,,DISABLED,DISABLED,,NO,NO,NO,DEFAULT,NO,,,NO,NO,DISABLED,,,,
M_INBND_NOTFTN_LGS,USERS,,,VALID,10,,1,255,,,,,,,,YES,N,0,0,0,0,0,0,0,0,         1,         1,    N,ENABLED,0,2021-03-12T02:51:30,NO,,N,N,NO,DEFAULT,DEFAULT,DEFAULT,DISABLED,YES,NO,,DISABLED,YES,,DISABLED,DISABLED,,NO,NO,NO,DEFAULT,NO,,,NO,NO,DISABLED,,,,
M_MAAS_SPECS_ENTTLMNTS,USERS,,,VALID,10,,1,255,,,,,,,,YES,N,0,0,0,0,0,0,0,0,         1,         1,    N,ENABLED,0,2021-03-12T02:51:30,NO,,N,N,NO,DEFAULT,DEFAULT,DEFAULT,DISABLED,YES,NO,,DISABLED,YES,,DISABLED,DISABLED,,NO,NO,NO,DEFAULT,NO,,,NO,NO,DISABLED,,,,
M_META_MDL_SPECS_MPPNGS,USERS,,,VALID,10,,1,255,,,,,,,,YES,N,0,0,0,0,0,0,0,0,         1,         1,    N,ENABLED,0,2021-03-12T02:51:30,NO,,N,N,NO,DEFAULT,DEFAULT,DEFAULT,DISABLED,YES,NO,,DISABLED,YES,,DISABLED,DISABLED,,NO,NO,NO,DEFAULT,NO,,,NO,NO,DISABLED,,,,
M_META_MDL_SRVC_SPECS,USERS,,,VALID,10,,1,255,,,,,,,,YES,N,0,0,0,0,0,0,0,0,         1,         1,    N,ENABLED,0,2021-03-12T02:51:30,NO,,N,N,NO,DEFAULT,DEFAULT,DEFAULT,DISABLED,YES,NO,,DISABLED,YES,,DISABLED,DISABLED,,NO,NO,NO,DEFAULT,NO,,,NO,NO,DISABLED,,,,
M_NOTFTN_DEFTNS,USERS,,,VALID,10,,1,255,,,,,,,,YES,N,0,0,0,0,0,0,0,0,         1,         1,    N,ENABLED,0,2021-03-12T02:51:30,NO,,N,N,NO,DEFAULT,DEFAULT,DEFAULT,DISABLED,YES,NO,,DISABLED,YES,,DISABLED,DISABLED,,NO,NO,NO,DEFAULT,NO,,,NO,NO,DISABLED,,,,
M_NOTFTN_DESTNS_ADPTRS,USERS,,,VALID,10,,1,255,,,,,,,,YES,N,0,0,0,0,0,0,0,0,         1,         1,    N,ENABLED,0,2021-03-12T02:51:30,NO,,N,N,NO,DEFAULT,DEFAULT,DEFAULT,DISABLED,YES,NO,,DISABLED,YES,,DISABLED,DISABLED,,NO,NO,NO,DEFAULT,NO,,,NO,NO,DISABLED,,,,
M_NOTFTN_DESTNS_DEFTNS,USERS,,,VALID,10,,1,255,,,,,,,,YES,N,0,0,0,0,0,0,0,0,         1,         1,    N,ENABLED,0,2021-03-12T02:51:30,NO,,N,N,NO,DEFAULT,DEFAULT,DEFAULT,DISABLED,YES,NO,,DISABLED,YES,,DISABLED,DISABLED,,NO,NO,NO,DEFAULT,NO,,,NO,NO,DISABLED,,,,
M_PKG_ADPTRS,USERS,,,VALID,10,,1,255,,,,,,,,YES,N,0,0,0,0,0,0,0,0,         1,         1,    N,ENABLED,0,2021-03-12T02:51:30,NO,,N,N,NO,DEFAULT,DEFAULT,DEFAULT,DISABLED,YES,NO,,DISABLED,YES,,DISABLED,DISABLED,,NO,NO,NO,DEFAULT,NO,,,NO,NO,DISABLED,,,,
M_PKG_DEFTNS,USERS,,,VALID,10,,1,255,,,,,,,,YES,N,0,0,0,0,0,0,0,0,         1,         1,    N,ENABLED,0,2021-03-12T02:51:31,NO,,N,N,NO,DEFAULT,DEFAULT,DEFAULT,DISABLED,YES,NO,,DISABLED,YES,,DISABLED,DISABLED,,NO,NO,NO,DEFAULT,NO,,,NO,NO,DISABLED,,,,
M_PKG_DS_BLK_MAP_DEFTNS,USERS,,,VALID,10,,1,255,,,,,,,,YES,N,0,0,0,0,0,0,0,0,         1,         1,    N,ENABLED,0,2021-03-12T02:51:31,NO,,N,N,NO,DEFAULT,DEFAULT,DEFAULT,DISABLED,YES,NO,,DISABLED,YES,,DISABLED,DISABLED,,NO,NO,NO,DEFAULT,NO,,,NO,NO,DISABLED,,,,
M_PKG_DS_DEFTNS,USERS,,,VALID,10,,1,255,,,,,,,,YES,N,0,0,0,0,0,0,0,0,         1,         1,    N,ENABLED,0,2021-03-12T02:51:31,NO,,N,N,NO,DEFAULT,DEFAULT,DEFAULT,DISABLED,YES,NO,,DISABLED,YES,,DISABLED,DISABLED,,NO,NO,NO,DEFAULT,NO,,,NO,NO,DISABLED,,,,
M_PKG_LD_LGS_GRAIN,USERS,,,VALID,10,,1,255,,,,,,,,YES,N,0,0,0,0,0,0,0,0,         1,         1,    N,ENABLED,0,2021-03-12T02:51:31,NO,,N,N,NO,DEFAULT,DEFAULT,DEFAULT,DISABLED,YES,NO,,DISABLED,YES,,DISABLED,DISABLED,,NO,NO,NO,DEFAULT,NO,,,NO,NO,DISABLED,,,,
M_PKG_PARAMS,USERS,,,VALID,10,,1,255,,,,,,,,YES,N,0,0,0,0,0,0,0,0,         1,         1,    N,ENABLED,0,2021-03-12T02:51:31,NO,,N,N,NO,DEFAULT,DEFAULT,DEFAULT,DISABLED,YES,NO,,DISABLED,YES,,DISABLED,DISABLED,,NO,NO,NO,DEFAULT,NO,,,NO,NO,DISABLED,,,,
M_PKG_RUN_STATS,USERS,,,VALID,10,,1,255,,,,,,,,YES,N,0,0,0,0,0,0,0,0,         1,         1,    N,ENABLED,0,2021-03-12T02:51:31,NO,,N,N,NO,DEFAULT,DEFAULT,DEFAULT,DISABLED,YES,NO,,DISABLED,YES,,DISABLED,DISABLED,,NO,NO,NO,DEFAULT,NO,,,NO,NO,DISABLED,,,,
M_PROG_DEFTNS,USERS,,,VALID,10,,1,255,,,,,,,,YES,N,0,0,0,0,0,0,0,0,         1,         1,    N,ENABLED,0,2021-03-12T02:51:31,NO,,N,N,NO,DEFAULT,DEFAULT,DEFAULT,DISABLED,YES,NO,,DISABLED,YES,,DISABLED,DISABLED,,NO,NO,NO,DEFAULT,NO,,,NO,NO,DISABLED,,,,
M_PROJ_DEFTNS,USERS,,,VALID,10,,1,255,,,,,,,,YES,N,0,0,0,0,0,0,0,0,         1,         1,    N,ENABLED,0,2021-03-12T02:51:31,NO,,N,N,NO,DEFAULT,DEFAULT,DEFAULT,DISABLED,YES,NO,,DISABLED,YES,,DISABLED,DISABLED,,NO,NO,NO,DEFAULT,NO,,,NO,NO,DISABLED,,,,
M_RIV2_DAP_DTLS,USERS,,,VALID,10,,1,255,,,,,,,,YES,N,0,0,0,0,0,0,0,0,         1,         1,    N,ENABLED,0,2021-03-12T02:51:31,NO,,N,N,NO,DEFAULT,DEFAULT,DEFAULT,DISABLED,YES,NO,,DISABLED,YES,,DISABLED,DISABLED,,NO,NO,NO,DEFAULT,NO,,,NO,NO,DISABLED,,,,
M_RIV2_DEFTNS,USERS,,,VALID,10,,1,255,,,,,,,,YES,N,0,0,0,0,0,0,0,0,         1,         1,    N,ENABLED,0,2021-03-12T02:51:31,NO,,N,N,NO,DEFAULT,DEFAULT,DEFAULT,DISABLED,YES,NO,,DISABLED,YES,,DISABLED,DISABLED,,NO,NO,NO,DEFAULT,NO,,,NO,NO,DISABLED,,,,
M_RIV2_EXTRCT_ATTRBT_MPPNGS,USERS,,,VALID,10,,1,255,,,,,,,,YES,N,0,0,0,0,0,0,0,0,         1,         1,    N,ENABLED,0,2021-03-12T02:51:31,NO,,N,N,NO,DEFAULT,DEFAULT,DEFAULT,DISABLED,YES,NO,,DISABLED,YES,,DISABLED,DISABLED,,NO,NO,NO,DEFAULT,NO,,,NO,NO,DISABLED,,,,
M_RIV2_FD_ATTRBT_MPPNGS,USERS,,,VALID,10,,1,255,,,,,,,,YES,N,0,0,0,0,0,0,0,0,         1,         1,    N,ENABLED,0,2021-03-12T02:51:31,NO,,N,N,NO,DEFAULT,DEFAULT,DEFAULT,DISABLED,YES,NO,,DISABLED,YES,,DISABLED,DISABLED,,NO,NO,NO,DEFAULT,NO,,,NO,NO,DISABLED,,,,
M_RIV2_RELEASE_LOGS,USERS,,,VALID,10,,1,255,,,,,,,,YES,N,0,0,0,0,0,0,0,0,         1,         1,    N,ENABLED,0,2021-03-12T02:51:31,NO,,N,N,NO,DEFAULT,DEFAULT,DEFAULT,DISABLED,YES,NO,,DISABLED,YES,,DISABLED,DISABLED,,NO,NO,NO,DEFAULT,NO,,,NO,NO,DISABLED,,,,
M_RIV2_RPT_ATTRBT_MPPNGS,USERS,,,VALID,10,,1,255,,,,,,,,YES,N,0,0,0,0,0,0,0,0,         1,         1,    N,ENABLED,0,2021-03-12T02:51:31,NO,,N,N,NO,DEFAULT,DEFAULT,DEFAULT,DISABLED,YES,NO,,DISABLED,YES,,DISABLED,DISABLED,,NO,NO,NO,DEFAULT,NO,,,NO,NO,DISABLED,,,,
M_RIV2_RTTN_PLCY_DEFTNS,USERS,,,VALID,10,,1,255,,,,,,,,YES,N,0,0,0,0,0,0,0,0,         1,         1,    N,ENABLED,0,2021-03-12T02:51:31,NO,,N,N,NO,DEFAULT,DEFAULT,DEFAULT,DISABLED,YES,NO,,DISABLED,YES,,DISABLED,DISABLED,,NO,NO,NO,DEFAULT,NO,,,NO,NO,DISABLED,,,,
M_RIV2_RTTN_PLCY_PARAMS,USERS,,,VALID,10,,1,255,,,,,,,,YES,N,0,0,0,0,0,0,0,0,         1,         1,    N,ENABLED,0,2021-03-12T02:51:31,NO,,N,N,NO,DEFAULT,DEFAULT,DEFAULT,DISABLED,YES,NO,,DISABLED,YES,,DISABLED,DISABLED,,NO,NO,NO,DEFAULT,NO,,,NO,NO,DISABLED,,,,
M_RPTS_ADPTRS,USERS,,,VALID,10,,1,255,,,,,,,,YES,N,0,0,0,0,0,0,0,0,         1,         1,    N,ENABLED,0,2021-03-12T02:51:31,NO,,N,N,NO,DEFAULT,DEFAULT,DEFAULT,DISABLED,YES,NO,,DISABLED,YES,,DISABLED,DISABLED,,NO,NO,NO,DEFAULT,NO,,,NO,NO,DISABLED,,,,
M_RPTS_ATTRBT_DEFTNS,USERS,,,VALID,10,,1,255,,,,,,,,YES,N,0,0,0,0,0,0,0,0,         1,         1,    N,ENABLED,0,2021-03-12T02:51:31,NO,,N,N,NO,DEFAULT,DEFAULT,DEFAULT,DISABLED,YES,NO,,DISABLED,YES,,DISABLED,DISABLED,,NO,NO,NO,DEFAULT,NO,,,NO,NO,DISABLED,,,,
M_RPTS_DEFTNS,USERS,,,VALID,10,,1,255,,,,,,,,YES,N,0,0,0,0,0,0,0,0,         1,         1,    N,ENABLED,0,2021-03-12T02:51:31,NO,,N,N,NO,DEFAULT,DEFAULT,DEFAULT,DISABLED,YES,NO,,DISABLED,YES,,DISABLED,DISABLED,,NO,NO,NO,DEFAULT,NO,,,NO,NO,DISABLED,,,,
M_RWR_ATTRBT_DEFTNS,USERS,,,VALID,10,,1,255,,,,,,,,YES,N,0,0,0,0,0,0,0,0,         1,         1,    N,ENABLED,0,2021-03-12T02:51:31,NO,,N,N,NO,DEFAULT,DEFAULT,DEFAULT,DISABLED,YES,NO,,DISABLED,YES,,DISABLED,DISABLED,,NO,NO,NO,DEFAULT,NO,,,NO,NO,DISABLED,,,,
M_RWR_DEFTNS,USERS,,,VALID,10,,1,255,,,,,,,,YES,N,0,0,0,0,0,0,0,0,         1,         1,    N,ENABLED,0,2021-03-12T02:51:31,NO,,N,N,NO,DEFAULT,DEFAULT,DEFAULT,DISABLED,YES,NO,,DISABLED,YES,,DISABLED,DISABLED,,NO,NO,NO,DEFAULT,NO,,,NO,NO,DISABLED,,,,
M_RWR_RUN_RESULTS,USERS,,,VALID,10,,1,255,,,,,,,,YES,N,0,0,0,0,0,0,0,0,         1,         1,    N,ENABLED,0,2021-03-12T02:51:31,NO,,N,N,NO,DEFAULT,DEFAULT,DEFAULT,DISABLED,YES,NO,,DISABLED,YES,,DISABLED,DISABLED,,NO,NO,NO,DEFAULT,NO,,,NO,NO,DISABLED,,,,
M_RWR_RUN_RESULT_FLAT,USERS,,,VALID,10,,1,255,,,,,,,,YES,N,0,0,0,0,0,0,0,0,         1,         1,    N,ENABLED,0,2021-03-12T02:51:31,NO,,N,N,NO,DEFAULT,DEFAULT,DEFAULT,DISABLED,YES,NO,,DISABLED,YES,,DISABLED,DISABLED,,NO,NO,NO,DEFAULT,NO,,,NO,NO,DISABLED,,,,
M_SLA_DEFTNS,USERS,,,VALID,10,,1,255,,,,,,,,YES,N,0,0,0,0,0,0,0,0,         1,         1,    N,ENABLED,0,2021-03-12T02:51:31,NO,,N,N,NO,DEFAULT,DEFAULT,DEFAULT,DISABLED,YES,NO,,DISABLED,YES,,DISABLED,DISABLED,,NO,NO,NO,DEFAULT,NO,,,NO,NO,DISABLED,,,,
M_SNAPST_DEFTNS,USERS,,,VALID,10,,1,255,,,,,,,,YES,N,0,0,0,0,0,0,0,0,         1,         1,    N,ENABLED,0,2021-03-12T02:51:31,NO,,N,N,NO,DEFAULT,DEFAULT,DEFAULT,DISABLED,YES,NO,,DISABLED,YES,,DISABLED,DISABLED,,NO,NO,NO,DEFAULT,NO,,,NO,NO,DISABLED,,,,
M_SNAPST_DS_LD_LGS,USERS,,,VALID,10,,1,255,,,,,,,,YES,N,0,0,0,0,0,0,0,0,         1,         1,    N,ENABLED,0,2021-03-12T02:51:31,NO,,N,N,NO,DEFAULT,DEFAULT,DEFAULT,DISABLED,YES,NO,,DISABLED,YES,,DISABLED,DISABLED,,NO,NO,NO,DEFAULT,NO,,,NO,NO,DISABLED,,,,
M_SNAPST_DS_MPPNGS,USERS,,,VALID,10,,1,255,,,,,,,,YES,N,0,0,0,0,0,0,0,0,         1,         1,    N,ENABLED,0,2021-03-12T02:51:31,NO,,N,N,NO,DEFAULT,DEFAULT,DEFAULT,DISABLED,YES,NO,,DISABLED,YES,,DISABLED,DISABLED,,NO,NO,NO,DEFAULT,NO,,,NO,NO,DISABLED,,,,
M_SNAPST_SCHD_DTLS,USERS,,,VALID,10,,1,255,,,,,,,,YES,N,0,0,0,0,0,0,0,0,         1,         1,    N,ENABLED,0,2021-03-12T02:51:31,NO,,N,N,NO,DEFAULT,DEFAULT,DEFAULT,DISABLED,YES,NO,,DISABLED,YES,,DISABLED,DISABLED,,NO,NO,NO,DEFAULT,NO,,,NO,NO,DISABLED,,,,
M_STRMNG_TSK_STATE,USERS,,,VALID,10,,1,255,,,,,,,,YES,N,0,0,0,0,0,0,0,0,         1,         1,    N,ENABLED,0,2021-03-12T02:51:31,NO,,N,N,NO,DEFAULT,DEFAULT,DEFAULT,DISABLED,YES,NO,,DISABLED,YES,,DISABLED,DISABLED,,NO,NO,NO,DEFAULT,NO,,,NO,NO,DISABLED,,,,
M_SUB_DS_DEFTNS,USERS,,,VALID,10,,1,255,,,,,,,,YES,N,0,0,0,0,0,0,0,0,         1,         1,    N,ENABLED,0,2021-03-12T02:51:31,NO,,N,N,NO,DEFAULT,DEFAULT,DEFAULT,DISABLED,YES,NO,,DISABLED,YES,,DISABLED,DISABLED,,NO,NO,NO,DEFAULT,NO,,,NO,NO,DISABLED,,,,
M_TENANCY_ADPTRS,USERS,,,VALID,10,,1,255,,,,,,,,YES,N,0,0,0,0,0,0,0,0,         1,         1,    N,ENABLED,0,2021-03-12T02:51:31,NO,,N,N,NO,DEFAULT,DEFAULT,DEFAULT,DISABLED,YES,NO,,DISABLED,YES,,DISABLED,DISABLED,,NO,NO,NO,DEFAULT,NO,,,NO,NO,DISABLED,,,,
M_TENANCY_DEFTNS,USERS,,,VALID,10,,1,255,,,,,,,,YES,N,0,0,0,0,0,0,0,0,         1,         1,    N,ENABLED,0,2021-03-12T02:51:31,NO,,N,N,NO,DEFAULT,DEFAULT,DEFAULT,DISABLED,YES,NO,,DISABLED,YES,,DISABLED,DISABLED,,NO,NO,NO,DEFAULT,NO,,,NO,NO,DISABLED,,,,
M_TENANCY_DS_ROLE_MPPNGS,USERS,,,VALID,10,,1,255,,,,,,,,YES,N,0,0,0,0,0,0,0,0,         1,         1,    N,ENABLED,0,2021-03-12T02:51:31,NO,,N,N,NO,DEFAULT,DEFAULT,DEFAULT,DISABLED,YES,NO,,DISABLED,YES,,DISABLED,DISABLED,,NO,NO,NO,DEFAULT,NO,,,NO,NO,DISABLED,,,,
M_TENANCY_ROLE_DEFTNS,USERS,,,VALID,10,,1,255,,,,,,,,YES,N,0,0,0,0,0,0,0,0,         1,         1,    N,ENABLED,0,2021-03-12T02:51:31,NO,,N,N,NO,DEFAULT,DEFAULT,DEFAULT,DISABLED,YES,NO,,DISABLED,YES,,DISABLED,DISABLED,,NO,NO,NO,DEFAULT,NO,,,NO,NO,DISABLED,,,,
NAVEEN,USERS,,,VALID,10,,1,255,65536,1048576,1,2147483645,,,,YES,N,4194304,11117,0,0,0,14,0,0,         1,         1,    N,ENABLED,4194304,2021-03-12T02:51:32,NO,,N,N,NO,DEFAULT,DEFAULT,DEFAULT,DISABLED,YES,NO,,DISABLED,YES,,DISABLED,DISABLED,,NO,NO,YES,DEFAULT,NO,,,NO,NO,DISABLED,,,,
M_RIV2_ATTRBT_DEFTNS,USERS,,,VALID,10,,1,255,,,,,,,,YES,N,0,0,0,0,0,0,0,0,         1,         1,    N,ENABLED,0,2021-03-26T04:38:14,NO,,N,N,NO,DEFAULT,DEFAULT,DEFAULT,DISABLED,YES,NO,,DISABLED,YES,,DISABLED,DISABLED,,NO,NO,NO,DEFAULT,NO,,,NO,NO,DISABLED,,,,
EMPLOYEES,USERS,,,VALID,10,,1,255,65536,1048576,1,2147483645,,,,YES,N,3,5,0,0,0,18,0,0,         1,         1,    N,ENABLED,3,2025-07-26T10:44:42,NO,,N,N,NO,DEFAULT,DEFAULT,DEFAULT,DISABLED,YES,NO,,DISABLED,YES,,DISABLED,DISABLED,,NO,NO,YES,DEFAULT,NO,,,YES,NO,DISABLED,,,,
NL2SQL_TRAINING,USERS,,,VALID,10,,1,255,65536,1048576,1,2147483645,,,,YES,N,,,,,,,,,         1,         1,    N,ENABLED,,,NO,,N,N,NO,DEFAULT,DEFAULT,DEFAULT,DISABLED,NO,NO,,DISABLED,YES,,DISABLED,DISABLED,,NO,NO,YES,DEFAULT,NO,,,YES,NO,DISABLED,,,,
NL2SQL_EVALUATION,USERS,,,VALID,10,,1,255,,,,,,,,YES,N,,,,,,,,,         1,         1,    N,ENABLED,,,NO,,N,N,NO,DEFAULT,DEFAULT,DEFAULT,DISABLED,NO,NO,,DISABLED,YES,,DISABLED,DISABLED,,NO,NO,NO,DEFAULT,NO,,,YES,NO,DISABLED,,,,
NL2SQL_METRICS,USERS,,,VALID,10,,1,255,,,,,,,,YES,N,,,,,,,,,         1,         1,    N,ENABLED,,,NO,,N,N,NO,DEFAULT,DEFAULT,DEFAULT,DISABLED,NO,NO,,DISABLED,YES,,DISABLED,DISABLED,,NO,NO,NO,DEFAULT,NO,,,NO,NO,DISABLED,,,,
SQL_PROMPT_EXAMPLES,USERS,,,VALID,10,,1,255,65536,1048576,1,2147483645,,,,YES,N,,,,,,,,,         1,         1,    N,ENABLED,,,NO,,N,N,NO,DEFAULT,DEFAULT,DEFAULT,DISABLED,NO,NO,,DISABLED,YES,,DISABLED,DISABLED,,NO,NO,YES,DEFAULT,NO,,,YES,NO,DISABLED,,,,
SQL_PROMPT_EXAMPLES_EMBEDDED,USERS,,,VALID,10,,1,255,65536,1048576,1,2147483645,,,,YES,N,,,,,,,,,         1,         1,    N,ENABLED,,,NO,,N,N,NO,DEFAULT,DEFAULT,DEFAULT,DISABLED,NO,NO,,DISABLED,YES,,DISABLED,DISABLED,,NO,NO,YES,DEFAULT,NO,,,YES,NO,DISABLED,,,,
RADO_SQL_QUERIES,USERS,,,VALID,10,,1,255,65536,1048576,1,2147483645,,,,YES,N,,,,,,,,,         1,         1,    N,ENABLED,,,NO,,N,N,NO,DEFAULT,DEFAULT,DEFAULT,DISABLED,NO,NO,,DISABLED,YES,,DISABLED,DISABLED,,NO,NO,YES,DEFAULT,NO,,,NO,NO,DISABLED,,,,
API_MAPPINGS,USERS,,,VALID,10,,1,255,65536,1048576,1,2147483645,,,,YES,N,,,,,,,,,         1,         1,    N,ENABLED,,,NO,,N,N,NO,DEFAULT,DEFAULT,DEFAULT,DISABLED,NO,NO,,DISABLED,YES,,DISABLED,DISABLED,,NO,NO,YES,DEFAULT,NO,,,YES,NO,DISABLED,,,,
DOCUMENT_EMBEDDINGS,USERS,,,VALID,10,,1,255,,,,,,,,YES,N,,,,,,,,,         1,         1,    N,ENABLED,,,NO,,N,N,NO,DEFAULT,DEFAULT,DEFAULT,DISABLED,NO,NO,,DISABLED,YES,,DISABLED,DISABLED,,NO,NO,NO,DEFAULT,NO,,,YES,NO,DISABLED,,,,
RISK_METADATA,USERS,,,VALID,10,,1,255,,,,,,,,YES,N,,,,,,,,,         1,         1,    N,ENABLED,,,NO,,N,N,NO,DEFAULT,DEFAULT,DEFAULT,DISABLED,NO,NO,,DISABLED,YES,,DISABLED,DISABLED,,NO,NO,NO,DEFAULT,NO,,,NO,NO,DISABLED,,,,
DATA_QUERIES,USERS,,,VALID,10,,1,255,,,,,,,,YES,N,,,,,,,,,         1,         1,    N,ENABLED,,,NO,,N,N,NO,DEFAULT,DEFAULT,DEFAULT,DISABLED,NO,NO,,DISABLED,YES,,DISABLED,DISABLED,,NO,NO,NO,DEFAULT,NO,,,NO,NO,DISABLED,,,,
QUERY_TEMPLATES,USERS,,,VALID,10,,1,255,65536,1048576,1,2147483645,,,,YES,N,,,,,,,,,         1,         1,    N,ENABLED,,,NO,,N,N,NO,DEFAULT,DEFAULT,DEFAULT,DISABLED,NO,NO,,DISABLED,YES,,DISABLED,DISABLED,,NO,NO,YES,DEFAULT,NO,,,YES,NO,DISABLED,,,,
CUSTOMERS,USERS,,,VALID,10,,1,255,65536,1048576,1,2147483645,,,,YES,N,,,,,,,,,         1,         1,    N,ENABLED,,,NO,,N,N,NO,DEFAULT,DEFAULT,DEFAULT,DISABLED,NO,NO,,DISABLED,YES,,DISABLED,DISABLED,,NO,NO,YES,DEFAULT,NO,,,NO,NO,DISABLED,,,,
PRODUCTS,USERS,,,VALID,10,,1,255,65536,1048576,1,2147483645,,,,YES,N,,,,,,,,,         1,         1,    N,ENABLED,,,NO,,N,N,NO,DEFAULT,DEFAULT,DEFAULT,DISABLED,NO,NO,,DISABLED,YES,,DISABLED,DISABLED,,NO,NO,YES,DEFAULT,NO,,,NO,NO,DISABLED,,,,
SALES,USERS,,,VALID,10,,1,255,65536,1048576,1,2147483645,,,,YES,N,,,,,,,,,         1,         1,    N,ENABLED,,,NO,,N,N,NO,DEFAULT,DEFAULT,DEFAULT,DISABLED,NO,NO,,DISABLED,YES,,DISABLED,DISABLED,,NO,NO,YES,DEFAULT,NO,,,YES,NO,DISABLED,,,,
NL2SQL_FALLBACK,USERS,,,VALID,10,,1,255,,,,,,,,YES,N,,,,,,,,,         1,         1,    N,ENABLED,,,NO,,N,N,NO,DEFAULT,DEFAULT,DEFAULT,DISABLED,NO,NO,,DISABLED,YES,,DISABLED,DISABLED,,NO,NO,NO,DEFAULT,NO,,,YES,NO,DISABLED,,,,
NL2SQL_SCHEMA,USERS,,,VALID,10,,1,255,65536,1048576,1,2147483645,,,,YES,N,,,,,,,,,         1,         1,    N,ENABLED,,,NO,,N,N,NO,DEFAULT,DEFAULT,DEFAULT,DISABLED,NO,NO,,DISABLED,YES,,DISABLED,DISABLED,,NO,NO,YES,DEFAULT,NO,,,YES,NO,DISABLED,,,,
VEDA_SAVED_VIEWS,USERS,,,VALID,10,,1,255,65536,1048576,1,2147483645,,,,YES,N,,,,,,,,,         1,         1,    N,ENABLED,,,NO,,N,N,NO,DEFAULT,DEFAULT,DEFAULT,DISABLED,NO,NO,,DISABLED,YES,,DISABLED,DISABLED,,NO,NO,YES,DEFAULT,NO,,,NO,NO,DISABLED,,,,
VEDA_PINNED_VIEWS,USERS,,,VALID,10,,1,255,65536,1048576,1,2147483645,,,,YES,N,,,,,,,,,         1,         1,    N,ENABLED,,,NO,,N,N,NO,DEFAULT,DEFAULT,DEFAULT,DISABLED,NO,NO,,DISABLED,YES,,DISABLED,DISABLED,,NO,NO,YES,DEFAULT,NO,,,NO,NO,DISABLED,,,,
VEDA_WORKSHEET_CSVS,USERS,,,VALID,10,,1,255,65536,1048576,1,2147483645,,,,YES,N,,,,,,,,,         1,         1,    N,ENABLED,,,NO,,N,N,NO,DEFAULT,DEFAULT,DEFAULT,DISABLED,NO,NO,,DISABLED,YES,,DISABLED,DISABLED,,NO,NO,YES,DEFAULT,NO,,,YES,NO,DISABLED,,,,
VEDA_DASHBOARDS,USERS,,,VALID,10,,1,255,,,,,,,,YES,N,,,,,,,,,         1,         1,    N,ENABLED,,,NO,,N,N,NO,DEFAULT,DEFAULT,DEFAULT,DISABLED,NO,NO,,DISABLED,YES,,DISABLED,DISABLED,,NO,NO,NO,DEFAULT,NO,,,NO,NO,DISABLED,,,,
M_RWR_RUN_LOG,,,,VALID,,,,,,,,,,,,,N,0,0,0,0,0,0,0,0,         1,         1,    N,ENABLED,0,2021-03-12T02:51:31,YES,,N,N,NO,DEFAULT,DEFAULT,DEFAULT,DISABLED,YES,NO,,DISABLED,YES,,DISABLED,,,NO,NO,N/A,DEFAULT,NO,,,NO,NO,,,,,
M_STRMNG_WRKFLW_OFFSETS,,,,VALID,,,,,,,,,,,,,N,0,0,0,0,0,0,0,0,         1,         1,    N,ENABLED,0,2021-03-12T02:51:31,YES,,N,N,NO,DEFAULT,DEFAULT,DEFAULT,DISABLED,YES,NO,,DISABLED,YES,,DISABLED,,,NO,NO,N/A,DEFAULT,NO,,,NO,NO,,,,,
M_CCO_MNGR_BLK_LGS,,,,VALID,,,,,,,,,,,,,N,0,0,0,0,0,0,0,0,         1,         1,    N,ENABLED,0,2021-03-12T02:51:29,YES,,N,N,NO,DEFAULT,DEFAULT,DEFAULT,DISABLED,YES,NO,,DISABLED,YES,,DISABLED,,,NO,NO,N/A,DEFAULT,NO,,,NO,NO,,,,,
M_DQ_RUN_LGS,,,,VALID,,,,,,,,,,,,,N,0,0,0,0,0,0,0,0,         1,         1,    N,ENABLED,0,2021-03-12T02:51:30,YES,,N,N,NO,DEFAULT,DEFAULT,DEFAULT,DISABLED,YES,NO,,DISABLED,YES,,DISABLED,,,NO,NO,N/A,DEFAULT,NO,,,NO,NO,,,,,
M_DS_LD_LG_RNS,,,,VALID,,,,,,,,,,,,,N,0,0,0,0,0,0,0,0,         1,         1,    N,ENABLED,0,2021-03-12T02:51:30,YES,,N,N,NO,DEFAULT,DEFAULT,DEFAULT,DISABLED,YES,NO,,DISABLED,YES,,DISABLED,,,NO,NO,N/A,DEFAULT,NO,,,NO,NO,,,,,
M_PKG_DS_LGS,,,,VALID,,,,,,,,,,,,,N,0,0,0,0,0,0,0,0,         1,         1,    N,ENABLED,0,2021-03-12T02:51:31,YES,,N,N,NO,DEFAULT,DEFAULT,DEFAULT,DISABLED,YES,NO,,DISABLED,YES,,DISABLED,,,NO,NO,N/A,DEFAULT,NO,,,NO,NO,,,,,
M_CMPLTNS_LGS,,,,VALID,,,,,,,,,,,,,N,0,0,0,0,0,0,0,0,         1,         1,    N,ENABLED,0,2021-03-12T02:51:29,YES,,N,N,NO,DEFAULT,DEFAULT,DEFAULT,DISABLED,YES,NO,,DISABLED,YES,,DISABLED,,,NO,NO,N/A,DEFAULT,NO,,,NO,NO,,,,,
M_STRMNG_WRKFLW_LOGS,,,,VALID,,,,,,,,,,,,,N,0,0,0,0,0,0,0,0,         1,         1,    N,ENABLED,0,2021-03-12T02:51:31,YES,,N,N,NO,DEFAULT,DEFAULT,DEFAULT,DISABLED,YES,NO,,DISABLED,YES,,DISABLED,,,NO,NO,N/A,DEFAULT,NO,,,NO,NO,,,,,
M_STRMNG_TSK_CHKPNT,,,,VALID,,,,,,,,,,,,,N,0,0,0,0,0,0,0,0,         1,         1,    N,ENABLED,0,2021-03-12T02:51:31,YES,,N,N,NO,DEFAULT,DEFAULT,DEFAULT,DISABLED,YES,NO,,DISABLED,YES,,DISABLED,,,NO,NO,N/A,DEFAULT,NO,,,NO,NO,,,,,
M_NOTFTN_LGS,,,,VALID,,,,,,,,,,,,,N,0,0,0,0,0,0,0,0,         1,         1,    N,ENABLED,0,2021-03-12T02:51:30,YES,,N,N,NO,DEFAULT,DEFAULT,DEFAULT,DISABLED,YES,NO,,DISABLED,YES,,DISABLED,,,NO,NO,N/A,DEFAULT,NO,,,NO,NO,,,,,
M_DS_LD_LGS,,,,VALID,,,,,,,,,,,,,N,0,0,0,0,0,0,0,0,         1,         1,    N,ENABLED,0,2021-03-12T02:51:30,YES,,N,N,NO,DEFAULT,DEFAULT,DEFAULT,DISABLED,YES,NO,,DISABLED,YES,,DISABLED,,,NO,NO,N/A,DEFAULT,NO,,,NO,NO,,,,,
M_AUDT_CNTRL_LGS,,,,VALID,,,,,,,,,,,,,N,0,0,0,0,0,0,0,0,         1,         1,    N,ENABLED,0,2021-03-12T02:51:29,YES,,N,N,NO,DEFAULT,DEFAULT,DEFAULT,DISABLED,YES,NO,,DISABLED,YES,,DISABLED,,,NO,NO,N/A,DEFAULT,NO,,,NO,NO,,,,,
M_HSKPNG_ARCH_LGS,,,,VALID,,,,,,,,,,,,,N,0,0,0,0,0,0,0,0,         1,         1,    N,ENABLED,0,2021-03-12T02:51:30,YES,,N,N,NO,DEFAULT,DEFAULT,DEFAULT,DISABLED,YES,NO,,DISABLED,YES,,DISABLED,,,NO,NO,N/A,DEFAULT,NO,,,NO,NO,,,,,
M_PKG_RUN_LGS,,,,VALID,,,,,,,,,,,,,N,0,0,0,0,0,0,0,0,         1,         1,    N,ENABLED,0,2021-03-12T02:51:31,YES,,N,N,NO,DEFAULT,DEFAULT,DEFAULT,DISABLED,YES,NO,,DISABLED,YES,,DISABLED,,,NO,NO,N/A,DEFAULT,NO,,,NO,NO,,,,,
M_CCO_MNGR_DS_NOTFTN_LGS,,,,VALID,,,,,,,,,,,,,N,0,0,0,0,0,0,0,0,         1,         1,    N,ENABLED,0,2021-03-12T02:51:29,YES,,N,N,NO,DEFAULT,DEFAULT,DEFAULT,DISABLED,YES,NO,,DISABLED,YES,,DISABLED,,,NO,NO,N/A,DEFAULT,NO,,,NO,NO,,,,,
M_DQ_RULE_RUN_LGS,,,,VALID,,,,,,,,,,,,,N,0,0,0,0,0,0,0,0,         1,         1,    N,ENABLED,0,2021-03-12T02:51:30,YES,,N,N,NO,DEFAULT,DEFAULT,DEFAULT,DISABLED,YES,NO,,DISABLED,YES,,DISABLED,,,NO,NO,N/A,DEFAULT,NO,,,NO,NO,,,,,
M_RWR_RUN_LOG_DTLS,,,,VALID,,,,,,,,,,,,,N,0,0,0,0,0,0,0,0,         1,         1,    N,ENABLED,0,2021-03-12T02:51:31,YES,,N,N,NO,DEFAULT,DEFAULT,DEFAULT,DISABLED,YES,NO,,DISABLED,YES,,DISABLED,,,NO,NO,N/A,DEFAULT,NO,,,NO,NO,,,,,
M_ALERT_LGS,,,,VALID,,,,,,,,,,,,,N,0,0,0,0,0,0,0,0,         1,         1,    N,ENABLED,0,2021-03-12T02:51:29,YES,,N,N,NO,DEFAULT,DEFAULT,DEFAULT,DISABLED,YES,NO,,DISABLED,YES,,DISABLED,,,NO,NO,N/A,DEFAULT,NO,,,NO,NO,,,,,
M_NOTFTN_REPLAYS,,,,VALID,,,,,,,,,,,,,N,0,0,0,0,0,0,0,0,         1,         1,    N,ENABLED,0,2021-03-12T02:51:30,YES,,N,N,NO,DEFAULT,DEFAULT,DEFAULT,DISABLED,YES,NO,,DISABLED,YES,,DISABLED,,,NO,NO,N/A,DEFAULT,NO,,,NO,NO,,,,,
M_PKG_BLOCK_LGS,,,,VALID,,,,,,,,,,,,,N,0,0,0,0,0,0,0,0,         1,         1,    N,ENABLED,0,2021-03-12T02:51:31,YES,,N,N,NO,DEFAULT,DEFAULT,DEFAULT,DISABLED,YES,NO,,DISABLED,YES,,DISABLED,,,NO,NO,N/A,DEFAULT,NO,,,NO,NO,,,,,
M_EXCPTNS_LGS,,,,VALID,,,,,,,,,,,,,N,0,0,0,0,0,0,0,0,         1,         1,    N,ENABLED,0,2021-03-12T02:51:30,YES,,N,N,NO,DEFAULT,DEFAULT,DEFAULT,DISABLED,YES,NO,,DISABLED,YES,,DISABLED,,,NO,NO,N/A,DEFAULT,NO,,,NO,NO,,,,,
M_SNAPST_LD_LGS,,,,VALID,,,,,,,,,,,,,N,0,0,0,0,0,0,0,0,         1,         1,    N,ENABLED,0,2021-03-12T02:51:31,YES,,N,N,NO,DEFAULT,DEFAULT,DEFAULT,DISABLED,YES,NO,,DISABLED,YES,,DISABLED,,,NO,NO,N/A,DEFAULT,NO,,,NO,NO,,,,,
M_MAAS_SPECS_ENTTLMNT_LGS,,,,VALID,,,,,,,,,,,,,N,0,0,0,0,0,0,0,0,         1,         1,    N,ENABLED,0,2021-03-12T02:51:30,YES,,N,N,NO,DEFAULT,DEFAULT,DEFAULT,DISABLED,YES,NO,,DISABLED,YES,,DISABLED,,,NO,NO,N/A,DEFAULT,NO,,,NO,NO,,,,,
M_PKG_LD_LGS,,,,VALID,,,,,,,,,,,,,N,0,0,0,0,0,0,0,0,         1,         1,    N,ENABLED,0,2021-03-12T02:51:31,YES,,N,N,NO,DEFAULT,DEFAULT,DEFAULT,DISABLED,YES,NO,,DISABLED,YES,,DISABLED,,,NO,NO,N/A,DEFAULT,NO,,,NO,NO,,,,,
M_DS_LD_LGS_GRAIN,,,,VALID,,,,,,,,,,,,,N,0,0,0,0,0,0,0,0,         1,         1,    N,ENABLED,0,2021-03-12T02:51:30,YES,,N,N,NO,DEFAULT,DEFAULT,DEFAULT,DISABLED,YES,NO,,DISABLED,YES,,DISABLED,,,NO,NO,N/A,DEFAULT,NO,,,NO,NO,,,,,
M_PKG_APP_LGS,,,,VALID,,,,,,,,,,,,,N,0,0,0,0,0,0,0,0,         1,         1,    N,ENABLED,0,2021-03-12T02:51:31,YES,,N,N,NO,DEFAULT,DEFAULT,DEFAULT,DISABLED,YES,NO,,DISABLED,YES,,DISABLED,,,NO,NO,N/A,DEFAULT,NO,,,NO,NO,,,,,
M_DISPATCHER_RUN_LGS,,,,VALID,,,,,,,,,,,,,N,0,0,0,0,0,0,0,0,         1,         1,    N,ENABLED,0,2021-03-12T02:51:30,YES,,N,N,NO,DEFAULT,DEFAULT,DEFAULT,DISABLED,YES,NO,,DISABLED,YES,,DISABLED,,,NO,NO,N/A,DEFAULT,NO,,,NO,NO,,,,,
M_USR_ACTY_LGS,,,,VALID,,,,,,,,,,,,,N,0,0,0,0,0,0,0,0,         1,         1,    N,ENABLED,0,2021-03-12T02:51:31,YES,,N,N,NO,DEFAULT,DEFAULT,DEFAULT,DISABLED,YES,NO,,DISABLED,YES,,DISABLED,,,NO,NO,N/A,DEFAULT,NO,,,NO,NO,,,,,
M_EXTRACT_LD_LGS,,,,VALID,,,,,,,,,,,,,N,0,0,0,0,0,0,0,0,         1,         1,    N,ENABLED,0,2021-03-12T02:51:30,YES,,N,N,NO,DEFAULT,DEFAULT,DEFAULT,DISABLED,YES,NO,,DISABLED,YES,,DISABLED,,,NO,NO,N/A,DEFAULT,NO,,,NO,NO,,,,,
B_EXECUTION_STATS,,,,VALID,,,,,,,,,,,,,N,0,0,0,0,0,0,0,0,         1,         1,    N,ENABLED,0,2021-03-12T02:51:29,YES,,N,N,NO,DEFAULT,DEFAULT,DEFAULT,DISABLED,YES,NO,,DISABLED,YES,,DISABLED,,,NO,NO,N/A,DEFAULT,NO,,,NO,NO,,,,,
M_STRMNG_WRKFLW_LD_LOGS,,,,VALID,,,,,,,,,,,,,N,0,0,0,0,0,0,0,0,         1,         1,    N,ENABLED,0,2021-03-12T02:51:31,YES,,N,N,NO,DEFAULT,DEFAULT,DEFAULT,DISABLED,YES,NO,,DISABLED,YES,,DISABLED,,,NO,NO,N/A,DEFAULT,NO,,,NO,NO,,,,,
M_CCO_MNGR_RUN_LGS,,,,VALID,,,,,,,,,,,,,N,0,0,0,0,0,0,0,0,         1,         1,    N,ENABLED,0,2021-03-12T02:51:29,YES,,N,N,NO,DEFAULT,DEFAULT,DEFAULT,DISABLED,YES,NO,,DISABLED,YES,,DISABLED,,,NO,NO,N/A,DEFAULT,NO,,,NO,NO,,,,,
M_STRMNG_TSK_STATE_LGS,,,,VALID,,,,,,,,,,,,,N,0,0,0,0,0,0,0,0,         1,         1,    N,ENABLED,0,2021-03-12T02:51:31,YES,,N,N,NO,DEFAULT,DEFAULT,DEFAULT,DISABLED,YES,NO,,DISABLED,YES,,DISABLED,,,NO,NO,N/A,DEFAULT,NO,,,NO,NO,,,,,
M_SLA_LGS,,,,VALID,,,,,,,,,,,,,N,0,0,0,0,0,0,0,0,         1,         1,    N,ENABLED,0,2021-03-12T02:51:31,YES,,N,N,NO,DEFAULT,DEFAULT,DEFAULT,DISABLED,YES,NO,,DISABLED,YES,,DISABLED,,,NO,NO,N/A,DEFAULT,NO,,,NO,NO,,,,,
M_STRMNG_WRKFLW_RUN_LOGS,,,,VALID,,,,,,,,,,,,,N,0,0,0,0,0,0,0,0,         1,         1,    N,ENABLED,0,2021-03-12T02:51:31,YES,,N,N,NO,DEFAULT,DEFAULT,DEFAULT,DISABLED,YES,NO,,DISABLED,YES,,DISABLED,,,NO,NO,N/A,DEFAULT,NO,,,NO,NO,,,,,
M_DS_TSK_LGS,,,,VALID,,,,,,,,,,,,,N,0,0,0,0,0,0,0,0,         1,         1,    N,ENABLED,0,2021-03-12T02:51:30,YES,,N,N,NO,DEFAULT,DEFAULT,DEFAULT,DISABLED,YES,NO,,DISABLED,YES,,DISABLED,,,NO,NO,N/A,DEFAULT,NO,,,NO,NO,,,,,
M_APPLICATION_SERVICES_LOGS,,,,VALID,,,,,,,,,,,,,N,0,0,0,0,0,0,0,0,         1,         1,    N,ENABLED,0,2021-03-12T02:51:29,YES,,N,N,NO,DEFAULT,DEFAULT,DEFAULT,DISABLED,YES,NO,,DISABLED,YES,,DISABLED,,,NO,NO,N/A,DEFAULT,NO,,,NO,NO,,,,,
M_USR_LGN_LGS,,,,VALID,,,,,,,,,,,,,N,0,0,0,0,0,0,0,0,         1,         1,    N,ENABLED,0,2021-03-12T02:51:32,YES,,N,N,NO,DEFAULT,DEFAULT,DEFAULT,DISABLED,YES,NO,,DISABLED,YES,,DISABLED,,,NO,NO,N/A,DEFAULT,NO,,,NO,NO,,,,,
B_TASK_STATS,,,,VALID,,,,,,,,,,,,,N,0,0,0,0,0,0,0,0,         1,         1,    N,ENABLED,0,2021-03-12T02:51:29,YES,,N,N,NO,DEFAULT,DEFAULT,DEFAULT,DISABLED,YES,NO,,DISABLED,YES,,DISABLED,,,NO,NO,N/A,DEFAULT,NO,,,NO,NO,,,,,
M_HSKPNG_RUN_LGS,,,,VALID,,,,,,,,,,,,,N,0,0,0,0,0,0,0,0,         1,         1,    N,ENABLED,0,2021-03-12T02:51:30,YES,,N,N,NO,DEFAULT,DEFAULT,DEFAULT,DISABLED,YES,NO,,DISABLED,YES,,DISABLED,,,NO,NO,N/A,DEFAULT,NO,,,NO,NO,,,,,
NL2SQL_EMBEDDINGS,USERS,,,VALID,10,,1,255,65536,1048576,1,2147483645,,,,YES,N,,,,,,,,,         1,         1,    N,ENABLED,,,NO,,N,N,NO,DEFAULT,DEFAULT,DEFAULT,DISABLED,NO,NO,,DISABLED,YES,,DISABLED,DISABLED,,NO,NO,YES,DEFAULT,NO,,,YES,NO,DISABLED,,,,
NL2SQL_SYNONYMS,USERS,,,VALID,10,,1,255,65536,1048576,1,2147483645,,,,YES,N,,,,,,,,,         1,         1,    N,ENABLED,,,NO,,N,N,NO,DEFAULT,DEFAULT,DEFAULT,DISABLED,NO,NO,,DISABLED,YES,,DISABLED,DISABLED,,NO,NO,YES,DEFAULT,NO,,,YES,NO,DISABLED,,,,
